<?xml version="1.0" encoding="UTF-8"?>
<project-private xmlns="http://www.netbeans.org/ns/project-private/1">
    <editor-bookmarks xmlns="http://www.netbeans.org/ns/editor-bookmarks/2" lastBookmarkId="0"/>
    <open-files xmlns="http://www.netbeans.org/ns/projectui-open-files/2">
        <group>
            <file>file:/C:/Users/Thiago/Documents/NetBeansProjects/aed1_ziviani/src/cap1/MaxMin2.java</file>
            <file>file:/C:/Users/Thiago/Documents/NetBeansProjects/aed1_ziviani/src/cap1/MaxMin3.java</file>
            <file>file:/C:/Users/Thiago/Documents/NetBeansProjects/aed1_ziviani/src/cap1/MaxMin1.java</file>
            <file>file:/C:/Users/Thiago/Documents/NetBeansProjects/aed1_ziviani/src/aed1_ziviani/Complexity.java</file>
            <file>file:/C:/Users/Thiago/Documents/NetBeansProjects/aed1_ziviani/src/aed1_ziviani/Aed1_ziviani.java</file>
        </group>
    </open-files>
</project-private>
